9634487886,Double,102,clean
9634487886,Studio,576,clean
9634487886,Deluxe,613,clean
9634487886,Suite,237,clean
9636587581,Single,439,clean
9636587581,Double,319,clean
9636587581,Studio,641,clean
9636587581,Deluxe,347,clean
9636587581,Suite,569,clean
9648804283,Single,211,clean
9648804283,Double,306,clean
9648804283,Studio,508,clean
9648804283,Deluxe,250,clean
9648804283,Suite,235,clean
9744568768,Single,245,clean
9744568768,Double,339,clean
9744568768,Studio,279,clean
9744568768,Deluxe,408,clean
9744568768,Suite,391,clean
9845718182,Single,183,clean
9845718182,Double,596,clean
9845718182,Studio,316,clean
9845718182,Deluxe,155,clean
9845718182,Suite,238,clean
9905794324,Single,424,clean
9905794324,Double,521,clean
9905794324,Studio,254,clean
9905794324,Deluxe,616,clean
9905794324,Suite,419,clean
9005531200,Single,377,clean
9005531200,Double,362,clean
9005531200,Studio,634,clean
9005531200,Deluxe,297,clean
9005531200,Suite,466,clean
9137476178,Single,429,clean
9137476178,Double,463,clean
9137476178,Studio,500,clean
9137476178,Deluxe,254,clean
9137476178,Suite,439,clean
9263446875,Single,248,clean
9263446875,Double,303,clean
9263446875,Studio,526,clean
9263446875,Deluxe,510,clean
9263446875,Suite,460,clean
9350643380,Single,256,clean
9350643380,Double,552,clean
9350643380,Studio,283,clean
9350643380,Deluxe,299,clean
9350643380,Suite,575,clean
9383544020,Single,476,clean
9383544020,Double,515,clean
9383544020,Studio,167,clean
9383544020,Deluxe,209,clean
9383544020,Suite,628,clean
9412532902,Single,628,clean
9412532902,Double,462,clean
9412532902,Studio,437,clean
9412532902,Deluxe,412,clean
9412532902,Suite,627,clean
9462805933,Single,557,clean
9462805933,Double,199,clean
9462805933,Studio,495,clean
9462805933,Deluxe,517,clean
9462805933,Suite,637,clean
9634487886,Single,443,clean
9634487886,Double,297,clean
9634487886,Studio,541,clean
9634487886,Deluxe,397,clean
9634487886,Suite,134,clean
9636587581,Single,213,clean
9636587581,Double,377,clean
9636587581,Studio,288,clean
9636587581,Deluxe,469,clean
9636587581,Suite,629,clean
9648804283,Single,175,clean
9648804283,Double,219,clean
9648804283,Studio,237,clean
9648804283,Deluxe,505,clean
9648804283,Suite,202,clean
9744568768,Single,394,clean
9744568768,Double,462,clean
9744568768,Studio,552,clean
9744568768,Deluxe,545,clean
9744568768,Suite,598,clean
9845718182,Single,193,clean
9845718182,Double,423,clean
9845718182,Studio,234,clean
9845718182,Deluxe,535,clean
9845718182,Suite,256,clean
9905794324,Single,339,clean
9905794324,Double,525,clean
9905794324,Studio,148,clean
9905794324,Deluxe,155,clean
9905794324,Suite,144,clean
9005531200,Single,219,clean
9005531200,Double,108,clean
9005531200,Studio,161,clean
9005531200,Deluxe,571,clean
9005531200,Suite,233,clean
9137476178,Single,386,clean
9137476178,Double,373,clean
9137476178,Studio,465,clean
9137476178,Deluxe,261,clean
9137476178,Suite,119,clean
9263446875,Single,535,clean
9263446875,Double,484,clean
9263446875,Studio,375,clean
9263446875,Deluxe,195,clean
9263446875,Suite,422,clean
9350643380,Single,199,clean
9350643380,Double,152,clean
9350643380,Studio,346,clean
9350643380,Deluxe,595,clean
9350643380,Suite,131,clean
9383544020,Single,553,clean
9383544020,Double,360,clean
9383544020,Studio,263,clean
9383544020,Deluxe,113,clean
9383544020,Suite,625,clean
9412532902,Single,370,clean
9412532902,Double,483,clean
9412532902,Studio,463,clean
9412532902,Deluxe,426,clean
9412532902,Suite,591,clean
9462805933,Single,313,clean
9462805933,Double,239,clean
9462805933,Studio,410,clean
9462805933,Deluxe,281,clean
9462805933,Suite,541,clean
9634487886,Single,354,clean
9634487886,Double,266,clean
9634487886,Studio,340,clean
9634487886,Deluxe,410,clean
9634487886,Suite,426,clean
9636587581,Single,256,clean
9636587581,Double,574,clean
9636587581,Studio,102,clean
9636587581,Deluxe,256,clean
9636587581,Suite,373,clean
9648804283,Single,473,clean
9648804283,Double,250,clean
9648804283,Studio,362,clean
9648804283,Deluxe,524,clean
9648804283,Suite,505,clean
9744568768,Single,411,clean
9744568768,Double,649,clean
9744568768,Studio,253,clean
9744568768,Deluxe,261,clean
9744568768,Suite,196,clean
9845718182,Single,481,clean
9845718182,Double,227,clean
9845718182,Studio,165,clean
9845718182,Deluxe,576,clean
9845718182,Suite,351,clean
9905794324,Single,128,clean
9905794324,Double,196,clean
9905794324,Studio,615,clean
9905794324,Deluxe,167,clean
9905794324,Suite,372,clean
9005531200,Single,477,clean
9005531200,Double,365,clean
9005531200,Studio,321,clean
9005531200,Deluxe,239,clean
9005531200,Suite,646,clean
9137476178,Single,555,clean
9137476178,Double,493,clean
9137476178,Studio,267,clean
9137476178,Deluxe,402,clean
9137476178,Suite,360,clean
9263446875,Single,612,clean
9263446875,Double,650,clean
9263446875,Studio,647,clean
9263446875,Deluxe,118,clean
9263446875,Suite,632,clean
9350643380,Single,335,clean
9350643380,Double,439,clean
9350643380,Studio,273,clean
9350643380,Deluxe,123,clean
9350643380,Suite,481,clean
9383544020,Single,405,clean
9383544020,Double,225,clean
9383544020,Studio,367,clean
9383544020,Deluxe,629,clean
9383544020,Suite,544,clean
9412532902,Single,534,clean
9412532902,Double,215,clean
9412532902,Studio,601,clean
9412532902,Deluxe,232,clean
9412532902,Suite,303,clean
9462805933,Single,355,clean
9462805933,Double,646,clean
9462805933,Studio,188,clean
9462805933,Deluxe,402,clean
9462805933,Suite,327,clean
9634487886,Single,547,clean
9634487886,Double,532,clean
9634487886,Studio,298,clean
9634487886,Deluxe,273,clean
9634487886,Suite,487,clean
9636587581,Single,341,clean
9636587581,Double,102,clean
9636587581,Studio,299,clean
9636587581,Deluxe,197,clean
9636587581,Suite,579,clean
9648804283,Single,187,clean
9648804283,Double,172,clean
9648804283,Studio,563,clean
9648804283,Deluxe,116,clean
9648804283,Suite,630,clean
9744568768,Single,275,clean
9744568768,Double,275,clean
9744568768,Studio,241,clean
9744568768,Deluxe,582,clean
9744568768,Suite,466,clean
9845718182,Single,463,clean
9845718182,Double,525,clean
9845718182,Studio,498,clean
9845718182,Deluxe,414,clean
9845718182,Suite,169,clean
9905794324,Single,505,clean
9905794324,Double,232,clean
9905794324,Studio,308,clean
9905794324,Deluxe,227,clean
9905794324,Suite,311,clean
9005531200,Single,456,clean
9005531200,Double,417,clean
9005531200,Studio,204,clean
9005531200,Deluxe,594,clean
9005531200,Suite,590,clean
9137476178,Single,204,clean
9137476178,Double,157,clean
9137476178,Studio,429,clean
9137476178,Deluxe,191,clean
9137476178,Suite,118,clean
9263446875,Single,454,clean
9263446875,Double,283,clean
9263446875,Studio,452,clean
9263446875,Deluxe,642,clean
9263446875,Suite,519,clean
9350643380,Single,292,clean
9350643380,Double,521,clean
9350643380,Studio,241,clean
9350643380,Deluxe,102,clean
9350643380,Suite,368,clean
9383544020,Single,556,clean
9383544020,Double,266,clean
9383544020,Studio,608,clean
9383544020,Deluxe,599,clean
9383544020,Suite,263,clean
